index,mse_loss,mae_loss,max_diff,mean_diff,std_diff,channel_count
0,0.023553312,0.12222415,0.50523436,0.12222415,0.092814684,2
1,0.02765462,0.13159934,0.44428343,0.13159934,0.101667285,2
